<?xml version="1.0" encoding="UTF-8"?>
<!DOCTYPE hibernate-configuration PUBLIC
        "-//Hibernate/Hibernate Configuration DTD 3.0//EN"
        "http://www.hibernate.org/dtd/hibernate-configuration-3.0.dtd">

<hibernate-configuration>
    <session-factory>

        <property name="dialect">org.hibernate.dialect.SQLiteDialect</property>
        <property name="connection.driver_class">org.sqlite.JDBC</property>
        <property name="connection.url">jdbc:sqlite:/Users/denisapopovici/Desktop/databases/farmacie.db</property>

<!--        <property name="hibernate.hbm2ddl.auto">update</property>-->

        <!-- Echo all executed SQL to stdout -->
        <property name="show_sql">true</property>
        <property name="format_sql">true</property>

        <mapping resource="farmacist.hbm/Farmacist.hbm.xml"/>
        <mapping resource="farmacie.hbm/Farmacie.hbm.xml"/>
        <mapping resource="cadruMedical.hbm/CadruMedical.hbm.xml"/>
        <mapping resource="comanda.hbm/Comanda.hbm.xml"/>
        <mapping resource="medicament.hbm/Medicament.hbm.xml"/>
        <mapping resource="sectie.hbm/Sectie.hbm.xml"/>
        <mapping resource="stocItem.hbm/StocItem.hbm.xml"/>



    </session-factory>
</hibernate-configuration>